type,name,notice,furigana
不燃ごみ,ICレコーダー,個人情報を消去する。使用済み小型家電（P.13 参照）として出すことができます。,あ
燃せるごみ,アイスキャンディーの棒（木製）,プラスチック製は不燃ごみ,あ
燃せるごみ,アイスクリームのカップ（紙製）,プラスチック製は容器包装プラスチック,あ
粗大ごみ（有料）,アイススケート靴,,あ
不燃ごみ,アイスまくら,,あ
粗大ごみ（有料）,アイロン,,あ
粗大ごみ（有料）,アイロン台,,あ
粗大ごみ（有料）,アコーディオンカーテン,,あ
燃せるごみ,あさりの貝殻,,あ
燃せるごみ,足拭きマット,裏にすべり止めゴムがついているものは不燃ごみ,あ
集団資源回収,厚紙（ボール紙）,,あ
その他の紙,厚紙（ボール紙）,,あ
集団資源回収,圧力鍋,,あ
缶以外の金属,圧力鍋,,あ
集団資源回収,穴あけパンチ,プラスチック製は不燃ごみ,あ
缶以外の金属,穴あけパンチ,プラスチック製は不燃ごみ,あ
市では収集しません,油（灯油、エンジンオイルなど）購入先に相談するか専門の処理業者へ（P.21 参照）,あ
燃せるごみ,油（食用）,紙・布にしみこませるか、固める。,あ
缶・びん・ペットボトル,油の缶（食用油、エンジンオイルなど）,使い切り中をすすぐ。,あ
不燃ごみ,雨ガッパ,,あ
集団資源回収,雨戸（金属製）,,あ
缶以外の金属,雨戸（金属製）,,あ
粗大ごみ（有料）,雨戸（プラスチック製）,,あ
不燃ごみ,雨どい,,あ
粗大ごみ（有料）,編み機,,あ
粗大ごみ（有料）,網戸,,あ
集団資源回収,網戸（金属製の枠）,,あ
缶以外の金属,網戸（金属製の枠）,,あ
不燃ごみ,網戸の網（プラスチック製）,金属製は集団資源回収「缶以外の金属」,あ
容器包装プラスチック,あめの1個ごとの包み紙（プラスチック製）,紙製は燃せるごみ,あ
容器包装プラスチック,あめの外袋（プラスチック製）,紙製は燃せるごみ,あ
不燃ごみ,あらい桶（プラスチック製）,金属製は集団資源回収「缶以外の金属」,あ
燃せるごみ,アルバム,外せるプラスチック部分は不燃ごみ,あ
缶・びん・ペットボトル,アルミ缶,中をすすぐ。,あ
容器包装プラスチック,アルミコーティング袋（菓子・レトルト食品など）,中をすすぐ。,あ
集団資源回収,アルミホイール,,あ
缶以外の金属,アルミホイール,,あ
不燃ごみ,アルミホイル（アルミ箔）,,あ
燃せるごみ,アルミホイル（アルミ箔）の芯,,あ
不燃ごみ,アルミ容器（うどん、グラタンなど）,,あ
粗大ごみ（有料）,アンテナ,,あ
缶・びん・ペットボトル,アンプル,中をすすぐ。プラスチック製は容器包装プラスチック,あ
不燃ごみ,EM処理容器,,い
市では収集しません,石,購入先に相談するか専門の処理業者へ（P.21 参照）,,い
粗大ごみ（有料）,衣装ケース ,,い
粗大ごみ（有料）,いす ,,い
不燃ごみ,板ガラス,新聞紙などに包み「危険・ガラス」と書く。,い
容器包装プラスチック,いちごのパック・ラップフィルム,,い
缶・びん・ペットボトル,一斗缶（食用油など）,使い切り中をすすぐ。つぶさないでください。,い
不燃ごみ,一斗缶（ペンキ缶）,中身が残っている場合は専門の処理業者へ（P.21 参照）,い
集団資源回収,一輪車（手押し車）,タイヤ・チューブは外し不燃ごみ、タイヤ・チューブが外せない場合は粗大ごみ（有料）,い
缶以外の金属,一輪車（手押し車）,タイヤ・チューブは外し不燃ごみ、タイヤ・チューブが外せない場合は粗大ごみ（有料）,い
粗大ごみ（有料）,一輪車（遊具）,,い
酒販店へ,一升びん,返せない場合は缶・びん・ペットボトル,い
容器包装プラスチック,一升びんのフタ（プラスチック製）,金属製は缶・びん・ペットボトル,い
燃せるごみ,糸,,い
集団資源回収,衣類,羽毛入り・皮革製品・綿入りは燃せるごみ,い
古着・古布類,衣類,羽毛入り・皮革製品・綿入りは燃せるごみ,い
販売店・電器店へ,衣類乾燥機,家電リサイクル法対象品（P.18 参照）,い
不燃ごみ,入れ歯,,い
燃せるごみ,色鉛筆,,い
不燃ごみ,印鑑（プラスチック製）,象牙・動物の角製・木製は燃せるごみ,い
回収ボックスへ,インクカートリッジ,使用済みインクカートリッジ（P.13 参照）,い
不燃ごみ,インラインスケート,,い
市では収集しません,ウィンドサーフィンの道具（ボードやセイルなど）,購入先に相談するか専門の処理業者へ（P.21 参照）,い
集団資源回収,ウィンドブレーカー（衣類）,,い
古着・古布類,ウィンドブレーカー（衣類）,,い
燃せるごみ,植木・枝木,長さ 50cm 直径 20cm 以内にし、ひもで束ねる。,う
植不燃ごみ,木鉢（素焼き・陶器製・プラスチック製）,木製は燃せるごみ,う
容器包装プラスチック,植木鉢（苗ポット）,苗などを購入したときに入っていたもの。土を落とす。,う
不燃ごみ,ウェットスーツ,,う
粗大ごみ（有料）,ウォーターサーバー,フロンガスを使用した製品は、専門の処理業者へ（P.21 参照）,う
不燃ごみ,ウォーターサーバーの空き容器,,う
不燃ごみ,うきわ,,う
市では収集しません,うす,購入先に相談するか専門の処理業者へ（P.21 参照）,う
不燃ごみ,うちわ（柄がプラスチック製のもの）,,う
燃せるごみ,うちわ（柄が木製のもの）,,う
不燃ごみ,腕時計,,う
粗大ごみ（有料）,乳母車 ,う
粗大ごみ（有料）,羽毛ふとん ,う
燃せるごみ,裏カーボン紙（宅配便の複写伝票など）,,う
不燃ごみ,ウレタン,,う
不燃ごみ,運動靴,,う
販売店・電器店へ,エアコン（室内機・室外機）,家電リサイクル法対象品（P.18 参照）,え
容器包装プラスチック,エアークッション（梱包材）,,え
燃せるごみ,衛生用品,,え
不燃ごみ,ＡＣアダプタ,使用済み小型家電（P.13 参照）として出すことができます,え
販売店・電器店へ,液晶テレビ,家電リサイクル法対象品（P.18 参照）,え
容器包装プラスチック,絵の具ケース（プラスチック製）,紙製は集団資源回収「その他の紙」,え
容器包装プラスチック,絵の具のケースの中敷（プラスチック製）,紙製は集団資源回収「その他の紙」,え
不燃ごみ,絵の具のチューブ（プラスチック製・金属製）,使い切る。,え
市では収集しません,FRP 製品（サーフボードなど）,購入先に相談するか専門の処理業者へ（P.21 参照）,え
不燃ごみ,MD（ケースも含む）,,え
集団資源回収,LED 蛍光管、LED 電球,割れているものは新聞紙などに包み「割れた蛍光管」・「割れた電球」と書いて不燃ごみ,え
蛍光管類,LED 蛍光管、LED 電球,割れているものは新聞紙などに包み「割れた蛍光管」・「割れた電球」と書いて不燃ごみ,え
市では収集しません,LPガスボンベ,購入先に相談するか専門の処理業者へ（P.21 参照）,え
粗大ごみ（有料）,エレキギター,,え
不燃ごみ,園芸用給水スポンジ,,え
集団資源回収,園芸用支柱（金属製）,,え
缶以外の金属,園芸用支柱（金属製）,,え
市では収集しません,園芸用農薬（容器も含む）,購入先に相談するか専門の処理業者へ（P.21 参照）,え
市では収集しません,エンジンオイル,購入先に相談するか専門の処理業者へ（P.21 参照）,え
不燃ごみ,延長コード（電化製品用）,,え
燃せるごみ,鉛筆,,え
不燃ごみ,鉛筆けずり（手動式）,電動式は粗大ごみ（有料）,え
市では収集しません,オイル（自動車用）,購入先に相談するか専門の処理業者へ（P.21 参照）,お
燃せるごみ,オイル（食用油）,紙・布にしみこませるか、固める。,お
集団資源回収,オイルヒーター,,お
缶以外の金属,オイルヒーター,,お
不燃ごみ,OAケーブル,,お
応接いす 粗大ごみ（有料）
市では収集しません,大型電気温水器,購入先に相談するか専門の処理業者へ（P.21 参照）,お
粗大ごみ（有料）,オーディオ機器,,お
粗大ごみ（有料）,オーディオラック,,お
市では収集しません,オートバイ,メーカーなどのリサイクルへ（P.19 参照）,お
粗大ごみ（有料）,オーブントースター,,お
粗大ごみ（有料）,オーブンレンジ,,お
燃せるごみ,おしぼり,,お
不燃ごみ,おしゃぶり,,お
燃せるごみ,落ち葉,,お
不燃ごみ,おもちゃ（プラスチック製）,金属製は集団資源回収「缶以外の金属」。木製は燃せるごみ,お
集団資源回収,おもちゃの箱（紙製）,,お
その他の紙,おもちゃの箱（紙製）,,お
集団資源回収,おりがみ,,お
その他の紙,おりがみ,,お
粗大ごみ（有料）,オルガン,,お
不燃ごみ,温度計,水銀使用製品は P.16 の回収場所へ,お
市では収集しません,カーステレオ,購入先に相談するか専門の処理業者へ（P.21 参照）,か
集団資源回収,カーテン（布製、レース）,プラスチック製は不燃ごみ,か
古着・古布類,カーテン（布製、レース）,プラスチック製は不燃ごみ,か
粗大ごみ（有料）,カーテンレール（プラスチック製・木製）,金属製は集団資源回収「缶以外の金属」,か
市では収集しません,カーナビゲーション（車載型）,購入先に相談するか専門の処理業者へ（P.21 参照）,か
粗大ごみ（有料）,カーペット,,か
燃せるごみ,カーボン紙,,か
不燃ごみ,カード類（プラスチック製）,紙製は集団資源回収「その他の紙」,か
燃せるごみ,貝殻,,か
粗大ごみ（有料）,介護用ベッド,,か
不燃ごみ,懐中電灯,電池は外して使用済み乾電池（P.16 参照）,か
粗大ごみ（有料）,かい巻き,,か
不燃ごみ,カイロ（使い切り）,,か
容器包装プラスチック,カイロ（使い切り）の外袋,,か
市では収集しません,化学薬品（容器も含む）,購入先に相談するか専門の処理業者へ（P.21 参照）,か
不燃ごみ,鏡,新聞紙などに包み「危険・ガラス」と書く。,か
不燃ごみ,かき氷器（手動式）,電動式は粗大ごみ（有料）,か
燃せるごみ,額縁（木製）,ガラスは外し不燃ごみプラスチック製は不燃ごみ。金属製は集団資源回収「缶以外の金属」,か
容器包装プラスチック,かご（みかんなどの入ったプラスチック製のもの）,,か
集団資源回収,傘立て（金属製）,プラスチック製は不燃ごみ,か
缶以外の金属,傘立て（金属製）,プラスチック製は不燃ごみ,か
不燃ごみ,傘立て（陶器製）,50cm以上のものは購入先に相談するか専門の処理業者へ（P.21 参照）,か
燃せるごみ,傘の布（布製）,ビニール製は不燃ごみ,か
集団資源回収,傘のほね（金属製）,,か
缶以外の金属,傘のほね（金属製）,,か
粗大ごみ（有料）,加湿器,,か
缶・びん・ペットボトル,菓子の缶（金属製）,,か
容器包装プラスチック,菓子の個包装の袋（プラスチック製）,紙製は燃せるごみ,か
容器包装プラスチック,菓子の筒（プラスチック製）,紙製は集団資源回収「その他の紙」,か
集団資源回収,菓子の箱（紙製）,プラスチック製は容器包装プラスチック。木製は燃せるごみ,か
その他の紙,菓子の箱（紙製）,プラスチック製は容器包装プラスチック。木製は燃せるごみ,か

集団資源回収,菓子の箱・缶の中仕切り（紙製）,プラスチック製は容器包装プラスチック,か
その他の紙,菓子の箱・缶の中仕切り（紙製）,プラスチック製は容器包装プラスチック,か
容器包装プラスチック,菓子の袋（プラスチック製）,紙製は集団資源回収「その他の紙」,か
集団資源回収,ガスコンロ,,か
缶以外の金属,ガスコンロ,,か
粗大ごみ（有料）,ガス炊飯器、ガス炊飯ジャー,,か
集団資源回収,ガステーブル,,か
缶以外の金属,ガステーブル,,か
市では収集しません,ガスボンベ（プロパン）,購入先に相談するか専門の処理業者へ（P.21 参照）,か
不燃ごみ,ガスマット（アルミ製）,,か
集団資源回収,ガスレンジ,電池は外して使用済み乾電池（P.16 参照）,か
缶以外の金属,ガスレンジ,電池は外して使用済み乾電池（P.16 参照）,か
集団資源回収,カセット式ガスコンロ,,か
缶以外の金属,カセット式ガスコンロ,,か
缶・びん・ペットボトル,カセット式ガスボンベ,使い切る。,か
容器包装プラスチック,カセット式ガスボンベのフタ,,か
不燃ごみ,カセットテープ（ケースも含む）,,か
集団資源回収,カタログ,,か
雑誌類,カタログ,,か
不燃ごみ,カッター,,か
集団資源回収,カッターの刃,,か
缶以外の金属,カッターの刃,,か
容器包装プラスチック,カップめんの外包装フィルム,,か
容器包装プラスチック,カップめんの中のスープ・具（かやく）の袋,中をすすぐ。,か
燃せるごみ,カップめんのフタ（紙製）,プラスチック製は容器包装プラスチック,か
燃せるごみ,カップめんの容器（紙製）,プラスチック製は容器包装プラスチック,か
容器包装プラスチック,家電製品の緩衝材（発泡スチロールなど）,紙製は集団資源回収「その他の紙」,か
不燃ごみ,かなづち,柄の部分と分ければ集団資源回収「缶以外の金属」,か
燃せるごみ,かばん（革・布製）,プラスチック製は不燃ごみ,か
不燃ごみ,画びょう（プラスチック等の混ざったもの）,金属製は集団資源回収「缶以外の金属」,か
不燃ごみ,花びん,新聞紙などに包み「危険・われもの」と書く。金属製は集団資源回収「缶以外の金属」,か
不燃ごみ,壁紙（プラスチック製),紙製は燃せるごみ,か
燃せるごみ,かまぼこの板（木製）,,か
燃せるごみ,紙おむつ,汚物はトイレに流す。,か
燃せるごみ,紙コップ,,か
燃せるごみ,紙皿,,か
集団資源回収,カミソリ（金属製）,プラスチック製は不燃ごみ,か
缶以外の金属,カミソリ（金属製）,プラスチック製は不燃ごみ,か
不燃ごみ,カミソリの刃,,か
粗大ごみ（有料）,神棚,,か
集団資源回収,紙箱,,か
その他の紙,紙箱,,か
燃せるごみ,紙パック（内側が銀色か茶色などのもの）,,か
集団資源回収,紙パック（内側が白いもの）,,か
紙パック,紙パック（内側が白いもの）,,か
容器包装プラスチック,紙パックのフタ（プラスチック製）,,か
集団資源回収,紙袋,,か
その他の紙,紙袋,,か
燃せるごみ,紙やすり,,か
燃せるごみ,ガムテープ,,か
燃せるごみ,ガムのかみかす,,か
燃せるごみ,ガムの包装（紙製の外包・1 枚ごとの包み紙）,,か
不燃ごみ,カメラ（フィルム式）,,か
容器包装プラスチック,カメラ（使いきり）の包装袋,,か
不燃ごみ,カメラのケース,,か
集団資源回収,画用紙,絵を描いたものは燃せるごみ,か
その他の紙 ,画用紙,絵を描いたものは燃せるごみ,か
粗大ごみ（有料）,カラーボックス,,か
粗大ごみ（有料）,カラオケ演奏装置（家庭用）,,か
不燃ごみ,ガラス,新聞紙などに包み「危険・ガラス」と書く。,か
缶・びん・ペットボトル,ガラスクリーナーの缶,使い切る。,か
容器包装プラスチック,ガラスクリーナーのフタ（プラスチック製）,,か
不燃ごみ,ガラスのコップ・食器,新聞紙などに包み「危険・ガラス」と書く。,か
燃せるごみ,刈り草,,か
集団資源回収,カレンダー,金属部分は外し集団資源回収「缶以外の金属」,か
その他の紙,カレンダー,金属部分は外し集団資源回収「缶以外の金属」,か
燃せるごみ,革ジャンパー,,か
燃せるごみ,革製品,,か
缶・びん・ペットボトル,缶（飲料・食料品・スプレー缶など）,中をすすぐ。スプレー缶は使い切る。,か
不燃ごみ,缶（ペンキ缶）,中身が残っている場合は専門の処理業者へ（P.21 参照）,か
粗大ごみ（有料）,換気扇,,か
容器包装プラスチック,緩衝材（プラスチック製など）,紙製は集団資源回収「その他の紙」,か
粗大ごみ（有料）,乾燥機（衣類乾燥機以外のもの）,衣類乾燥機は家電リサイクル法対象品（P.18 参照）,か
不燃ごみ,乾燥剤,,か
販売店・電器店へ,乾電池,使用済み乾電池（P.16 参照）,か
燃せるごみ,感熱紙,,か
容器包装プラスチック,缶ビール等を束ねるケーシング（プラスチック製）,,か
粗大ごみ（有料）,キーボード（楽器）,,き
粗大ごみ（有料）,キーボード（パソコン）,,き
粗大ごみ（有料）,ギター,,き
粗大ごみ（有料）,ギターアンプ,,き
粗大ごみ（有料）,キックスケーター,金属製は集団資源回収「缶以外の金属」,き
市では収集しません,木の根（20cm 以上のもの）,専門の処理業者へ（P.21 参照）。20cm未満のものは燃せるごみ,き
不燃ごみ,基盤（パソコンなど）,,き
集団資源回収,着物,,き
古着・古布類,着物,,き
粗大ごみ（有料）,キャスターボード,,き
集団資源回収,脚立（金属製）,,き
缶以外の金属,脚立（金属製）,,き
容器包装プラスチック,キャップ（プラスチック製）,金属製は缶・びん・ペットボトル,き
容器包装プラスチック,キャラメルの外包装フィルム,,き
燃せるごみ,キャラメルの包み紙（1 個ごとの包み紙）,,き
集団資源回収,キャラメルの箱,,き
その他の紙,キャラメルの箱,,き
不燃ごみ,きゅうす（急須）,,き
集団資源回収,給湯器,,き
缶以外の金属,給湯器,,き
集団資源回収,牛乳パック（内側が白いもの）,,き
紙パック,牛乳パック（内側が白いもの）,,き
購入した店へ,牛乳びん,返せない場合は缶・びん・ペットボトル,き
燃せるごみ,牛乳びんのフタ（紙製）,プラスチック製は容器包装プラスチック,き
不燃ごみ,救命胴衣,,き
集団資源回収,教科書,,き
雑誌類,教科書,,き
粗大ごみ（有料）,鏡台,,き
燃せるごみ,切り花,,き
不燃ごみ,霧吹き,,き
燃せるごみ,キルト製品,,き
市では収集しません,金庫（耐火）,購入先に相談するか専門の処理業者へ（P.21 参照）,き
集団資源回収,金属バット,,き
缶以外の金属,金属バット,,き
集団資源回収,空気入れ（金属製）,プラスチック製は不燃ごみ。電気式は粗大ごみ（有料）,く
缶以外の金属,空気入れ（金属製）,プラスチック製は不燃ごみ。電気式は粗大ごみ（有料）,く
粗大ごみ（有料）,空気清浄機,,く
不燃ごみ,クーラーボックス,おおむね50cmを超えるものは粗大ごみ（有料）,く
集団資源回収,くぎ,,く
缶以外の金属,くぎ,,く
燃せるごみ,草・草花,,く
粗大ごみ（有料）,草刈機,手動式で金属製のものは集団資源回収「缶以外の金属」,く
燃せるごみ,串（やきとり・だんごの竹串など）,紙に包む。,く
不燃ごみ,くし・ブラシ（プラスチック製）,木製は燃せるごみ,く
燃せるごみ,薬,,く
容器包装プラスチック,薬（錠剤、カプセル等）の包装シート,,く
不燃ごみ,薬のチューブ（金属製）,,く
容器包装プラスチック,薬のチューブ（プラスチック製）,使い切りフタを外し中をすすぐ。,く
集団資源回収,薬の袋・紙箱,,く
その他の紙,薬の袋・紙箱,,く
缶・びん・ペットボトル,薬の容器（びん）,乳白色のびんは不燃ごみ。プラスチック製は容器包装プラスチック,く
容器包装プラスチック,薬の容器のフタ（プラスチック製）,金属製は缶・びん・ペットボトル,く
容器包装プラスチック,果物などのネット,,く
不燃ごみ,口紅の容器,プラスチック製で使い切れば容器包装プラスチック,く
不燃ごみ,靴（底がゴムや樹脂製）,革製で底も革のものは燃せるごみ,く
集団資源回収,靴下,,く
古着・古布類,靴下,,く
不燃ごみ,靴の中敷,,く
燃せるごみ,クッション（中身がわたなど）,中身がプラスチック製は不燃ごみ,く
容器包装プラスチック,靴の型くずれ防止の詰め物（プラスチック製）,,く
集団資源回収,靴の箱,,く
その他の紙,靴の箱,,
不燃ごみ,クリーニングの透明カバー,,く
不燃ごみ,クリヤーファイル,,く
集団資源回収,クリップ（金属製）,プラスチック製は不燃ごみ,く
缶以外の金属,クリップ（金属製）,プラスチック製は不燃ごみ,く
集団資源回収,車椅子,座席・タイヤ・チューブは外し不燃ごみ。座席・タイヤ・チューブが外せない場合粗大ごみ（有料）,く
缶以外の金属,車椅子,座席・タイヤ・チューブは外し不燃ごみ。座席・タイヤ・チューブが外せない場合粗大ごみ（有料）,く
燃せるごみ,クレヨン,,く
容器包装プラスチック,クレヨンケース（プラスチック製）,紙製は集団資源回収「その他の紙」,く
容器包装プラスチック,クレヨンケースの中敷（プラスチック製）,紙製は集団資源回収「その他の紙」,く
燃せるごみ,クレンザーの紙筒,,く
燃せるごみ,グローブ（革製）,合成皮革製は不燃ごみ,く
燃せるごみ,軍手,,く
集団資源回収,蛍光管,,け
蛍光管類,蛍光管,,け
容器包装プラスチック,蛍光管の外箱の包装フィルム,,け
粗大ごみ（有料）,携帯音楽プレーヤー,個人情報を消去する。 電池式は不燃ごみ。電池は外して使用済み乾電池（P.16 参照）。使用済み小型家電（P.13参照）として出すことができます。,け
販売店・電器店へ,携帯電話,個人情報を消去する。使用済み小型家電（P.13 参照）として出すことができます。,け
販売店・電器店へ,携帯電話用充電器,使用済み小型家電（P.13 参照）として出すことができます。,け
不燃ごみ,携帯ラジオ,電池は外して使用済み乾電池（P.16 参照）使用済み小型家電（P.13 参照）として出すことができます。,け
集団資源回収,毛糸,,け
古着・古布類,毛糸,,け
容器包装プラスチック,ケーシング（缶ビール等を束ねるケース）,,け
粗大ごみ（有料）,ゲーム機,個人情報を消去する。電池式は不燃ごみ。電池は外して使用済み乾電池（P.16 参照）使用済み小型家電（P.13 参照）として出すことができます。,け
不燃ごみ,ゲームソフト,ロムカセット式ゲームソフトは、使用済み小型家電（P.13 参照）として出すことができます。,け
燃せるごみ,毛皮,,け
不燃ごみ,消しゴム,,け
粗大ごみ（有料）,化粧台,,け
集団資源回収,化粧品の紙箱,,け
その他の紙,化粧品の紙箱,,け
不燃ごみ,化粧品の携帯ポーチ（プラスチック製）,布製は燃せるごみ,け
缶・びん・ペットボトル,化粧品のスプレー缶,使い切る。,け
容器包装プラスチック,化粧品のスプレー缶のフタ,,け
缶・びん・ペットボトル,化粧品のびん,乳白色のびんは不燃ごみ,け
容器包装プラスチック,化粧品のびんのフタ・中ブタ（プラスチック製）,,け
容器包装プラスチック,化粧品の容器（プラスチック製）,使い切りフタを外し中をすすぐ。,け
不燃ごみ,化粧用パフ,,け
燃せるごみ,げた,,け
粗大ごみ（有料）,げた箱,,け
容器包装プラスチック,ケチャップの外袋,,け
容器包装プラスチック,ケチャップのチューブ,使い切りフタを外し中をすすぐ。,け
容器包装プラスチック,ケチャップのチューブのフタ,,け
不燃ごみ,血圧計,電気式は粗大ごみ（有料）、水銀使用製品はP.16の回収場所へ,け
集団資源回収,ケトル,電気式は粗大ごみ（有料）,け
缶以外の金属,ケトル,電気式は粗大ごみ（有料）,け
燃せるごみ,玄関マット,裏にすべり止めゴムがついているものは不燃ごみ,け
粗大ごみ（有料）,健康器具（ぶら下がり機など）,,け
集団資源回収,剣山,,け
缶以外の金属,剣山,,け
市では収集しません,原動機付自転車,メーカーなどのリサイクルへ（P.19 参照）,け
粗大ごみ（有料）,剣道の防具,,け
不燃ごみ,鍵盤ハーモニカ,,け
不燃ごみ,工具箱（プラスチック製）,金属製は集団資源回収「缶以外の金属」,こ
不燃ごみ,ゴーグル,,こ
不燃ごみ,合成皮革製品,,こ
容器包装プラスチック,紅茶（ティーバッグ型）の外パック,紙製は燃せるごみ,こ
缶・びん・ペットボトル,紅茶の缶,,こ
容器包装プラスチック,紅茶の外箱の包装フィルム,,こ
燃せるごみ,紅茶のティーバッグ,,こ
缶・びん・ペットボトル,コーヒーのびん,,こ
燃せるごみ,コーヒーのびんの中ブタ（紙製）,,こ
容器包装プラスチック,コーヒーのびんのフタ（プラスチック製）,,こ
燃せるごみ,コーヒーフィルター,,こ
粗大ごみ（有料）,コーヒーメーカー,,こ
燃せるごみ,小枝,袋に入れるか、50cm×20cm程度にし、ひもでしばる。,こ
不燃ごみ,氷まくら,,こ
市では収集しません,小型ガスボンベ,購入先に相談するか専門の処理業者へ（P.21 参照）,こ
燃せるごみ,固形燃料,,こ
粗大ごみ（有料）,ござ,,こ
粗大ごみ（有料）,こたつ（天板・ヒーター）,,こ
粗大ごみ（有料）,こたつ布団,,こ
不燃ごみ,コップ,ガラス製は新聞紙などに包み「危険・ガラス」と書く。,こ

粗大ごみ（有料）,子供用自転車（プラスチック部分が多いもの）,,こ
粗大ごみ（有料）,子供用遊具（すべり台、ブランコなど）,,こ
燃せるごみ,粉チーズの紙筒,,こ
缶・びん・ペットボトル,粉ミルクの缶,,こ
容器包装プラスチック,粉ミルクの缶のフタ（プラスチック製）,,こ
粗大ごみ（有料）,コピー機（家庭用）,,こ
不燃ごみ,ごみ箱（プラスチック製）,金属製は集団資源回収「缶以外の金属」,こ
不燃ごみ,ゴム類,,こ
粗大ごみ（有料）,米びつ,,こ
容器包装プラスチック,米袋（プラスチック製）,紙製は燃せるごみ,こ
燃せるごみ,コルク栓,,こ
不燃ごみ,コルセット,,こ
粗大ごみ（有料）,ゴルフクラブ,,こ
粗大ごみ（有料）,ゴルフセット,,こ
粗大ごみ（有料）,ゴルフバッグ,,こ
不燃ごみ,ゴルフボール,,こ
市では収集しません,コンクリート、ブロック,購入先に相談するか専門の処理業者へ（P.21 参照）,こ
不燃ごみ,コントローラー（ゲーム用）,使用済み小型家電（P.13 参照）として出すことができます。,こ
不燃ごみ,コンパクト（化粧品の容器）,,こ
市では収集しません,コンプレッサー,購入先に相談するか専門の処理業者へ（P.21 参照）,こ
粗大ごみ（有料）,コンポスト容器,,こ
市では収集しません,サーフボード,購入先に相談するか専門の処理業者へ（P.21 参照）,さ
粗大ごみ（有料）,座椅子,,さ
市では収集しません,在宅医療器具（注射器・注射針・メスなど）,かかりつけの医療機関に引き取ってもらう。,さ
粗大ごみ（有料）,サイドボード,,さ
酒販店へ,酒のびん,返せない場合は缶・びん・ペットボトル,さ
容器包装プラスチック,酒のびんのフタ（金属とプラスチックの混ざったもの）,,さ
燃せるごみ,酒パック（内側が銀色、紙製）,,さ
容器包装プラスチック,酒パックのフタ,,さ
燃せるごみ,さざえの貝殻,,さ
集団資源回収,雑誌,,さ
雑誌類,雑誌,,さ
缶・びん・ペットボトル,殺虫剤のスプレー缶,使い切る。,さ
粗大ごみ（有料）,ざぶとん,50cm以内のもので、中身がわたなどは燃せるごみ。50cm以内のもので、中身がプラスチック製などは不燃ごみ,さ
粗大ごみ（有料）,サマーベッド,皿 不燃ごみ 新聞紙などに包み「危険・われもの」と書く。,さ
不燃ごみ,ざる（プラスチック製）,金属製は集団資源回収「缶以外の金属」。木製は燃せるごみ,さ
集団資源回収,参考書,,さ
雑誌類,参考書,,さ
不燃ごみ,サンダル,,さ
燃せるごみ,サンドペーパー,,さ
粗大ごみ（有料）,三輪車,,さ
集団資源回収,シーツ（寝具カバー等）,,し
古着・古布類,シーツ（寝具カバー等）,,し
不燃ごみ,CD（ケースも含む）,,し
粗大ごみ（有料）,CDプレーヤー,携帯式は使用済み小型家電（P.13 参照）として出すことができます。,し
不燃ごみ,シート（レジャーシートなど）,,し
燃せるごみ,シール,,し
粗大ごみ（有料）,シェーバー,電池式は不燃ごみ。電池は外して使用済み乾電池（P.16 参照）使用済み小型家電（P.13 参照）として出すことができます。,し
不燃ごみ,ジェルシート,,し
集団資源回収,磁石（金属製）,,し
缶以外の金属,磁石（金属製）,,し
不燃ごみ,磁石（プラスチック等の混ざったもの）,,し
集団資源回収,辞書・事典,,し
雑誌類,辞書・事典,,し
集団資源回収,下着,,し
古着・古布類,下着,,し
不燃ごみ,七輪,,し
燃せるごみ,湿布薬,,し
集団資源回収,湿布薬の外箱（紙製）,,し
その他の紙,湿布薬の外箱（紙製）,,し
容器包装プラスチック,湿布薬の表面に張られた薄いフィルム,,し
燃せるごみ,湿布薬の外袋（紙製）,プラスチック製は容器包装プラスチック,し
集団資源回収,自転車,タイヤ・チューブは外し不燃ごみ。タイヤ・チューブが外せない場合は粗大ごみ（有料）,し
缶以外の金属,自転車,タイヤ・チューブは外し不燃ごみ。タイヤ・チューブが外せない場合は粗大ごみ（有料）,し
粗大ごみ（有料）,自転車（子ども用など、プラスチック部分が多いもの),,し
不燃ごみ,自転車のカバー,,し
不燃ごみ,自転車のタイヤ・チューブ,,し
市では収集しません,自動車オイル,購入先に相談するか専門の処理業者へ（P.21 参照）,し
市では収集しません,自動二輪車,メーカーなどのリサイクルへ（P.19 参照）,し
粗大ごみ（有料）,芝刈機,手動式で金属製は集団資源回収「缶以外の金属」,し
不燃ごみ,シャープペンシル,,し
不燃ごみ,遮光カーテン,,し
燃せるごみ,写真,,し
不燃ごみ,写真のネガフィルム,,し
不燃ごみ,シャベル、スコップ,金属製は集団資源回収「缶以外の金属」,し
缶・びん・ペットボトル,ジャムのびん,中をすすぐ。,し
缶・びん・ペットボトル,ジャムのびんのフタ（金属製）,,し
市では収集しません,じゃり（砂利）,購入先に相談するか専門の処理業者へ（P.21 参照）,し
燃せるごみ,ジャンパー（革製・わたの入ったもの）,,し
容器包装プラスチック,シャンプーのフタ,ポンプ部分も含む。,し
容器包装プラスチック,シャンプーの容器,使い切りフタを外し中をすすぐ。,し
粗大ごみ（有料）,ジューサー,,し
粗大ごみ（有料）,じゅうたん,,し
不燃ごみ,充電器（ゲーム機など）,使用済み小型家電（P.13 参照）として出すことができます。,し
販売店・電器店へ,充電式電池,使用済み乾電池（P.16 参照）,し
燃せるごみ,シュラフ（寝袋）,,し
集団資源回収,ジュラルミンケース,,し
缶以外の金属,ジュラルミンケース,,し
不燃ごみ,シュレッダー（手動式）,電気式は粗大ごみ（有料）,し
燃せるごみ,シュレッダーにかけた紙,,し
市では収集しません,消火器,購入先に相談するか専門の処理業者へ（P.21参照）スプレー式の簡易消火具は使い切り、缶・びん・ペットボトル,し
不燃ごみ,定規（プラスチック製）,金属製は集団資源回収「缶以外の金属」。木製は燃せるごみ,し
粗大ごみ（有料）,障子,,し
燃せるごみ,障子紙,,し
不燃ごみ,浄水器,電気式は粗大ごみ（有料）,し
不燃ごみ,浄水器のカートリッジ,,し
粗大ごみ（有料）,照明器具,蛍光管は外し集団資源回収「蛍光管類」,し
不燃ごみ,じょうろ（プラスチック製）,金属製は集団資源回収「缶以外の金属」,し
容器包装プラスチック,食パン等の袋の留め具,,し
不燃ごみ,食品保存容器（プラスチック製）,,し
不燃ごみ,食品保存用パック（プラスチック製）,,し
燃せるごみ,食用油,固めるか、紙・布などに吸わせる。,し
缶・びん・ペットボトル,食用油の缶・びん,使い切りフタを外し中をすすぐ。,し
容器包装プラスチック,食用油の容器（プラスチック製）,使い切りフタを外し中をすすぐ。,し
容器包装プラスチック,食用油の容器のフタ（プラスチック製）,金属製は缶・びん・ペットボトル,し
粗大ごみ（有料）,除湿機（フロンガス使用以外の製品）,フロンガスを使用した製品は、専門の処理業者へ（P.21 参照）,し
不燃ごみ,除湿剤,,し
容器包装プラスチック,除湿剤の容器（プラスチック製）,,し
粗大ごみ（有料）,書棚・食器棚,,し
粗大ごみ（有料）,食器洗い機,,し
粗大ごみ（有料）,食器乾燥機,,し
粗大ごみ（有料）,ショッピングカート,,し
集団資源回収,芯（トイレットペーパーなどの）,,し
その他の紙,芯（トイレットペーパーなどの）,,し
燃せるごみ,芯（ラップなどのかたいもの）,,し
不燃ごみ,人工芝,,し
市では収集しません,シンナー,購入先に相談するか専門の処理業者へ（P.21 参照）,し
集団資源回収,新聞紙,新聞折り込みチラシも一緒に,し
新聞紙,新聞紙,新聞折り込みチラシも一緒に,し
不燃ごみ,水槽,おおむね50cmを超えるものは粗大ごみ（有料）,す
不燃ごみ,水中メガネ,,す
不燃ごみ,水筒,,す
粗大ごみ（有料）,炊飯器、炊飯ジャー,,す
粗大ごみ（有料）,スーツケース,,す
容器包装プラスチック,スーツのカバー（購入時についていたもの）,ファスナーは外して不燃ごみ,す
集団資源回収,図鑑,,す
雑誌類,図鑑,,す
粗大ごみ（有料）,スキー板,なるべく販売店の下取りへ,す
集団資源回収,スキーウェア,わたやダウンの入ったものは燃せるごみ,す
古着・古布類,スキーウェア,わたやダウンの入ったものは燃せるごみ,す
粗大ごみ（有料）,スキー靴,,す
粗大ごみ（有料）,スキーセット（板、靴、ストック）,なるべく販売店の下取りへ,す
粗大ごみ（有料）,スキーのストック,,す
粗大ごみ（有料）,スケート靴,,す
粗大ごみ（有料）,スケートボード,,す
不燃ごみ,スコップ、シャベル,金属製は集団資源回収「缶以外の金属」,す
不燃ごみ,スズランテープ,,す
不燃ごみ,すずり,,す
粗大ごみ（有料）,すだれ,,す
不燃ごみ,スタンプ台,,す
缶・びん・ペットボトル,スチール缶（飲料・食料品・スプレー缶など）,使い切り中をすすぐ。スプレー缶は使い切る。,す
不燃ごみ,スチール缶（ペンキ缶）,中身が残っている場合は専門の処理業者へ（P.21 参照）,す
市では収集しません,スチールホイール（車、自動二輪車）,購入先に相談するか専門の処理業者へ（P.21 参照）,す
不燃ごみ,ステープラー,,す
集団資源回収,ステープラーの針,,す
缶以外の金属,ステープラーの針,,す
容器包装プラスチック,スティックのりの容器,使い切り中を取り除く。,す
燃せるごみ,ステッカー,,す
粗大ごみ（有料）,ステレオ,,す
集団資源回収,ストーブ（石油・ガス）,石油は取り除く。電池は外して使用済み乾電池（P.16 参照）,す
缶以外の金属,ストーブ（石油・ガス）,石油は取り除く。電池は外して使用済み乾電池（P.16 参照）,す
粗大ごみ（有料）,ストーブ（電気式）,,す
集団資源回収,ストッキング,,す
古着・古布類,ストッキング,,す
容器包装プラスチック,ストッキングの外袋（プラスチック製）,,す
不燃ごみ,ストロー,,す
容器包装プラスチック,ストローの袋（プラスチック製）,紙製は燃せるごみ,す
不燃ごみ,スニーカー,,す
粗大ごみ（有料）,スノーボード,なるべく販売店の下取りへ,す
燃せるごみ,すのこ（木製）,プラスチック製は不燃ごみ,す
販売店・電器店へ,スマートフォン,個人情報を消去する。使用済み小型家電（P.13 参照）として出すことができます。,す
粗大ごみ（有料）,スピーカー（オーディオ製品）,,す
集団資源回収,スプーン（金属製）,プラスチック製は不燃ごみ,す
缶以外の金属,スプーン（金属製）,プラスチック製は不燃ごみ,す
粗大ごみ（有料）,スプリングマットレス,なるべく販売店の下取りへ,す
缶・びん・ペットボトル,スプレー缶,使い切る。,す
不燃ごみ,スプレー缶（ペンキ缶）,使い切る。,す
容器包装プラスチック,スプレー缶のフタ,,す
缶・びん・ペットボトル,スプレー式の簡易消火具,使い切る。,す
不燃ごみ,スポンジ,,す
容器包装プラスチック,スポンジの外袋,,す
粗大ごみ（有料）,ズボンプレッサー,,す
燃せるごみ,炭の燃えかす,,す
缶・びん・ペットボトル,すりガラスのびん,,す
不燃ごみ,スリッパ（ビニール製）,布製は燃せるごみ,す
缶・びん・ペットボトル,整髪料のスプレー缶,使い切る。,せ
粗大ごみ（有料）,製氷機（フロンガス使用以外の製品）,フロンガスを使用した製品は、専門の処理業者へ（P.21 参照）,せ
燃せるごみ,生理用品,,せ
容器包装プラスチック,生理用品の包装（外袋・個袋）,,せ
集団資源回収,セーター,,せ
古着・古布類,セーター,,せ
燃せるごみ,セーム革（革製）,合成皮革製は不燃ごみ,せ
市では収集しません,石油類,購入先に相談するか専門の処理業者へ（P.21 参照）,せ
燃せるごみ,せっけん,,せ
容器包装プラスチック,せっけんの個袋（プラスチック製）,紙製は燃せるごみ,せ
集団資源回収,せっけんの外箱,,せ
その他の紙,せっけんの外箱,,せ
市では収集しません,石膏ボード,購入先に相談するか専門の処理業者へ（P.21 参照）,せ
不燃ごみ,接着剤のチューブ,,せ
不燃ごみ,せともの,,せ
容器包装プラスチック,背広のカバー（購入時についていたもの）,ファスナーは外して不燃ごみ,せ
市では収集しません,セメント,購入先に相談するか専門の処理業者へ（P.21 参照）,せ
燃せるごみ,セメント袋,,せ
燃せるごみ,セロハン紙,,せ
燃せるごみ,セロハンテープ,,せ
容器包装プラスチック,セロハンテープの個袋,,せ
燃せるごみ,セロハンテープの芯,,せ
集団資源回収,セロハンテープの外箱,,せ
その他の紙,セロハンテープの外箱,,せ
集団資源回収,セロハンテープの刃（金属製）,,せ
缶以外の金属,セロハンテープの刃（金属製）,,せ
市では収集しません,船外機,購入先に相談するか専門の処理業者へ（P.21 参照）, せ
不燃ごみ,洗剤の計量カップ,,せ
容器包装プラスチック,洗剤のフタ・取っ手（プラスチック製）,,せ
容器包装プラスチック,洗剤の容器（プラスチック製）,紙製は燃せるごみ,せ
粗大ごみ（有料）,洗浄器付便座,,せ
燃せるごみ,線香の容器（紙製）,,せ
燃せるごみ,線香の灰,,せ
販売店・電器店へ,洗濯機,家電リサイクル法対象品（P.18 参照）,せ
不燃ごみ,洗濯ネット,,せ
容器包装プラスチック,洗濯のりの容器・フタ,使い切りフタを外し中をすすぐ。,せ
燃せるごみ,剪定枝・刈り草・落ち葉,枝は 50cm × 20cm 程度にし、ひもでしばる。,せ
粗大ごみ（有料）,扇風機,,せ
不燃ごみ,洗面器（プラスチック製）,金属製は集団資源回収「缶以外の金属」。木製は燃せるごみ,せ
粗大ごみ（有料）,洗面台,,せ
不燃ごみ,双眼鏡,,そ
燃せるごみ,ぞうきん,,そ
粗大ごみ（有料）,掃除機,,そ
容器包装プラスチック,ソースの容器（プラスチック製）,使い切りフタを外し中をすすぐ。,そ
容器包装プラスチック,ソースの容器のフタ（プラスチック製）,,そ
市では収集しません,ソーラーシステム,購入先に相談するか専門の処理業者へ（P.21 参照）,そ
粗大ごみ（有料）,ソファー,,そ
粗大ごみ（有料）,ソファーベッド,,そ
不燃ごみ,体温計,電池は外して使用済み乾電池（P.16 参照）、水銀使用製品は P.16 の回収場所へ,た
市では収集しません,耐火金庫,購入先に相談するか専門の処理業者へ（P.21 参照）,た
集団資源回収,台紙,,た
その他の紙,台紙,,た
不燃ごみ,体重計,,た
燃せるごみ,台所用マット,裏にすべり止めゴムがついているものは不燃ごみ,た
不燃ごみ,タイヤ（自転車）,,た
市では収集しません,タイヤ（自動車）,購入先に相談するか専門の処理業者へ（P.21 参照）,た
市では収集しません,太陽光熱式温水器,購入先に相談するか専門の処理業者へ（P.21 参照）,た
市では収集しません,太陽光発電システム,購入先に相談するか専門の処理業者へ（P.21 参照）,た
市では収集しません,タイル,購入先に相談するか専門の処理業者へ（P.21 参照）,た
不燃ごみ,タイルカーペット,,た
集団資源回収,ダイレクトメールの封筒・チラシ類,封筒の窓わくのセロハンは外し燃せるごみ,た
その他の紙,ダイレクトメールの封筒・チラシ類,封筒の窓わくのセロハンは外し燃せるごみ,た
不燃ごみ,ダイレクトメールを入れた外袋（プラスチック製）,,た
燃せるごみ,ダウンジャケット,,た
集団資源回収,タオル・手ぬぐい,,た
古着・古布類,タオル・手ぬぐい,,た
集団資源回収,タオルケット,,た
古着・古布類,タオルケット,,た
高枝切ハサミ,粗大ごみ（有料）,,た
集団資源回収,卓上ガスコンロ,,た
缶以外の金属,卓上ガスコンロ,,た
缶・びん・ペットボトル,卓上ガスコンロのボンベ,使い切る。,た
市では収集しません,畳（発泡スチロールを含むもの）,購入先に相談するか専門の処理業者へ（P.21 参照）。本畳は4等分以下に切り粗大ごみ（有料）,た
不燃ごみ,脱酸素剤,,た
燃せるごみ,脱脂綿,,た
燃せるごみ,脱臭剤,,た
缶・びん・ペットボトル,脱臭剤の缶・びん,中身は燃せるごみ,た
容器包装プラスチック,脱臭剤の容器（プラスチック製）,中身は燃せるごみ,た
粗大ごみ（有料）,建具（戸・ふすま・障子）,,た
容器包装プラスチック,たばこの外包装フィルム,,た
燃せるごみ,たばこの吸い殻,,た
集団資源回収,たばこの箱,,た
その他の紙,たばこの箱,,た
燃せるごみ,たばこの箱の中の銀紙,,た
販売店・電器店へ,タブレット端末,個人情報を消去する。PCリサイクルマークのついているものはパソコンリサイクルへ （P.19 参照）。PCリサイクルマークのついていないものは使用済み小型家電（P.13 参照）として出すことができます。,た
容器包装プラスチック,卵パック（プラスチック製）,紙製は集団資源回収「その他の紙」,た
不燃ごみ,たらい（プラスチック製）,金属製は集団資源回収「缶以外の金属」,た
燃せるごみ,たわし（やしなど）,プラスチック・金属製は不燃ごみ,た
粗大ごみ（有料）,たんす,,た
粗大ごみ（有料）,暖房便座,,た
集団資源回収,段ボール,銀紙・緩衝材付は燃せるごみ,た
段ボール,段ボール,銀紙・緩衝材付は燃せるごみ,た
集団資源回収,チェーン（金属製）,ウレタン・ゴム・プラスチック製は不燃ごみ,ち
缶以外の金属,チェーン（金属製）,ウレタン・ゴム・プラスチック製は不燃ごみ,ち
粗大ごみ（有料）,チェーンソー,,ち
不燃ごみ,地球儀,電気式は粗大ごみ（有料）,ち
粗大ごみ（有料）,チャイルドシート,,ち
燃せるごみ,茶殻,,ち
缶・びん・ペットボトル,茶の缶,,ち
缶・びん・ペットボトル,茶の缶のフタ（金属製）,プラスチック製は容器包装プラスチック,ち
集団資源回収,茶の筒（紙製）,,ち
その他の紙,茶の筒（紙製）,,ち
粗大ごみ（有料）,茶箱,,ち
不燃ごみ,茶わん,,ち
市では収集しません,注射器,かかりつけの医療機関に引き取ってもらう。,ち
市では収集しません,注射針,かかりつけの医療機関に引き取ってもらう。,ち
燃せるごみ,チューインガム,,ち
不燃ごみ,チューブ（自転車）,,ち
容器包装プラスチック,チューブ（食品、歯みがき粉など）,使い切りフタを外し中をすすぐ。接着剤など中身が取り除けないものは不燃ごみ,ち
燃せるごみ,チョーク,,ち
燃せるごみ,彫刻刃（柄が木製のもの）,柄がプラスチック製のものは不燃ごみ,ち
集団資源回収,チラシ（新聞折込み）,,ち
新聞紙,チラシ（新聞折込み）,,ち
集団資源回収,チラシ（新聞折込み以外のもの）,,ち
その他の紙,チラシ（新聞折込み以外のもの）,,ち
燃せるごみ,ちり紙・ティッシュペーパー,,ち
不燃ごみ,使い切りカイロ,,つ
容器包装プラスチック,使い切りカイロの外袋,,つ
不燃ごみ,使い切りライター,使い切る。（他の不燃ごみと別の透明袋で出す。）,つ
粗大ごみ（有料）,机,,つ
不燃ごみ,つけもの石（市販のもの）,,つ
市では収集しません,土,購入先に相談するか専門の処理業者へ（P.21 参照）,つ
燃せるごみ,積木,プラスチック製は不燃ごみ,つ
容器包装プラスチック,詰め替え商品の容器（プラスチック製）,中をすすぐ。,つ
不燃ごみ,釣り糸,,つ
不燃ごみ,釣り具のおもり,金属製は集団資源回収「缶以外の金属」,つ
不燃ごみ,釣り具のリール,,つ
粗大ごみ（有料）,釣りざお,,つ
粗大ごみ（有料）,つり棚,,つ
集団資源回収,釣り針,,つ
缶以外の金属,釣り針,,つ
集団資源回収,Tシャツ,,て
古着・古布類,Tシャツ,,て
不燃ごみ,DVD（ケースも含む）,,て
粗大ごみ（有料）,DVDプレーヤー,携帯式は使用済み小型家電（P.13 参照）として出すことができます。,て
燃せるごみ,ティッシュペーパー,,て
集団資源回収,ティッシュボックス（紙箱）,,て
その他の紙,ティッシュボックス（紙箱）,,て
容器包装プラスチック,ティッシュボックス（紙箱）取出口のフィルム,,て
容器包装プラスチック,ティッシュボックス（数個入）の外包装フィルム,,て
粗大ごみ（有料）,テーブル,,て
不燃ごみ,テープレコーダー（デッキを除く）,個人情報を消去する。電池は外して使用済み乾電池（P.16 参照）使用済み小型家電（P.13 参照）として出すことができます。,て
集団資源回収,手紙,,て
その他の紙,手紙,,て
不燃ごみ,テグス,,て
粗大ごみ（有料）,デジタルカメラ,個人情報を消去する。電池式は不燃ごみ。電池は外して使用済み乾電池（P.16 参照）。使用済み小型家電（P.13 参照）として出すことができます。,て
燃せるごみ,手帳,,て
市では収集しません,鉄筋,購入先に相談するか専門の処理業者へ（P.21 参照）,て
粗大ごみ（有料）,テニスラケット,,て
燃せるごみ,手拭き（弁当の付属品）,,て
容器包装プラスチック,手拭き（弁当の付属品）の外袋,,て
燃せるごみ,手袋（革製）,ゴム製は不燃ごみ。布製・毛糸製は集団資源回収「古着・古布類」,て
販売店・電器店へ,テレビ（ブラウン管式、液晶・プラズマ式）,家電リサイクル法対象品（P.18 参照）,て
粗大ごみ（有料）,テレビ台,,て
粗大ごみ（有料）,電気カーペット,,て
粗大ごみ（有料）,電気カミソリ（充電式）,使用済み小型家電（P.13 参照）として出すことができます。,て
不燃ごみ,電気コード,使用済み小型家電（P.13 参照）として出すことができます。,て
容器包装プラスチック,電気コードの包装パック,,て
粗大ごみ（有料）,電気炊飯器、電子ジャー,,て
粗大ごみ（有料）,電気スタンド,,て
粗大ごみ（有料）,電気ストーブ,,て
粗大ごみ（有料）,電気ポット,,て
粗大ごみ（有料）,電気毛布,,て
集団資源回収,電球,,て
蛍光管類,電球,,て
粗大ごみ（有料）,電子オルガン,,て
不燃ごみ,電子辞書・電子手帳,個人情報を消去する。電池は外して使用済み乾電池（P.16 参照）。使用済み小型家電（P.13 参照）として出すことができます。,て
粗大ごみ（有料）,電子ピアノ,,て
粗大ごみ（有料）,電子レンジ,,て
燃せるごみ,点字の本,,て
粗大ごみ（有料）,天体望遠鏡,,て
不燃ごみ,電卓（計算機）,,て
容器包装プラスチック,電卓（計算機）の包装パック,,て
販売店・電器店へ,電池,使用済み乾電池（P.16 参照）,て
粗大ごみ（有料）,テント,,て
粗大ごみ（有料）,電動車椅子,バッテリーは買ったお店へ,て
粗大ごみ（有料）,電動自転車,バッテリーは買ったお店へ,て
粗大ごみ（有料）,電動歯ブラシ（充電式）,電池式は不燃ごみ。電池は外して使用済み乾電池（P.16 参照）。使用済み小型家電（P.13 参照）として出すことができます。,て
燃せるごみ,天ぷら油,固めるか、紙・布などに吸わせる。,て
粗大ごみ（有料）,電話機,個人情報を消去する。使用済み小型家電（P.13 参照）として出すことができます。,て
不燃ごみ,電話機（黒電話などコンセントにつながないもの）,,て
粗大ごみ（有料）,電話台,,て
粗大ごみ（有料）,ドアー,,と
不燃ごみ,砥石,,と
容器包装プラスチック,トイレットペーパー（数個入）の外袋,,と
集団資源回収,トイレットペーパーの芯,,と
その他の紙,トイレットペーパーの芯,,と
集団資源回収,トイレットペーパーの包み紙,,と
その他の紙,トイレットペーパーの包み紙,,と
容器包装プラスチック,豆腐のパック,,と
容器包装プラスチック,豆腐のパックのフタ,,と
市では収集しません,灯油,購入先に相談するか専門の処理業者へ（P.21 参照）,と
不燃ごみ,灯油ポンプ,電池は外して使用済み乾電池（P.16 参照）,と
粗大ごみ（有料）,トースター,,と
不燃ごみ,時計,電池は外して使用済み乾電池（P.16 参照）,と
市では収集しません,土砂,購入先に相談するか専門の処理業者へ（P.21 参照）,と
粗大ごみ（有料）,トタン板（プラスチック製）,金属製は集団資源回収「缶以外の金属」,と
粗大ごみ（有料）,どてら,,と
不燃ごみ,土鍋,,と
粗大ごみ（有料）,ドライヤー,使用済み小型家電（P.13 参照）として出すことができます。,と
粗大ごみ（有料）,ドラムセット,,と
集団資源回収,鳥かご,プラスチック部分は不燃ごみ,と
缶以外の金属,鳥かご,プラスチック部分は不燃ごみ,と
缶・びん・ペットボトル,ドリンクびん,フタを外し中をすすぐ。,と
缶・びん・ペットボトル,ドリンクびんのフタ（金属製）,,と
容器包装プラスチック,トレイ（食品用発泡スチロール製等）,食品トレイはスーパーなどの店頭回収へも,と
不燃ごみ,トレイ（プラスチック製）,金属製は集団資源回収「缶以外の金属」,と
容器包装プラスチック,苗ポット,苗などを購入したときに入っていたもの。土を落とす。,な
不燃ごみ,長靴,,な
粗大ごみ（有料）,流し台,,な
不燃ごみ,鍋（陶器・ガラス製）,金属・ホーロー製は集団資源回収「缶以外の金属」,な
燃せるごみ,生ごみ,水分を切って（できれば生ごみ処理機器で処理）,な
粗大ごみ（有料）,生ごみ処理機,,な
不燃ごみ,にぎり寿司の中仕切り（緑色のプラスチックフィルム）,,に
容器包装プラスチック,乳酸菌飲料の容器（プラスチック製）,中をすすぐ。,に
不燃ごみ,乳酸菌飲料の容器のフタ（アルミ製）,,に
不燃ごみ,人形（プラスチック製・陶器製）,おおむね 50cm を超えるものは粗大ごみ（有料）。木製は燃せるごみ。陶器品で50cmを超えるものは購入先に相談するか専門の処理業者へ（P.21参照）,に
燃せるごみ,ぬいぐるみ（中身がわた）,中身がプラスチック製は不燃ごみ。おおむね50cmを超えるものは粗大ごみ（有料）,ぬ
集団資源回収,布類（布の切れはしなど）,,ぬ
古着・古布類,布類（布の切れはしなど）,,ぬ
不燃ごみ,ネガフィルム,,ね
集団資源回収,ネクタイ,,ね
古着・古布類,ネクタイ,,ね
容器包装プラスチック,ネット（果物・野菜などが入っていたもの）,,ね
燃せるごみ,寝ぶくろ（シュラフ）,,ね
容器包装プラスチック,練りカラシ・練りワサビのチューブ,使い切りフタを外し中をすすぐ。,ね
不燃ごみ,ねんど,紙ねんどは燃せるごみ,ね
市では収集しません,農機具,購入先に相談するか専門の処理業者へ（P.21 参照）,の
市では収集しません,農薬（容器も含む）,購入先に相談するか専門の処理業者へ（P.21 参照）,の
燃せるごみ,ノーカーボン紙（宅配便の複写伝票など）,,の
集団資源回収,ノート,,の
雑誌類,ノート,,の
集団資源回収,のこぎり,新聞紙などに包み「危険・刃物」と書く。,の
缶以外の金属,のこぎり,新聞紙などに包み「危険・刃物」と書く。,の
集団資源回収,のし袋,,の
その他の紙,のし袋,,の
粗大ごみ（有料）,ハードディスク（外付式）,個人情報を消去する。内蔵式は不燃ごみ。使用済み小型家電（P.13参照）として出すことができます。,は
不燃ごみ,バーナー付ガスボンベのバーナー,,は
集団資源回収,バーベキューコンロ,,は
缶以外の金属,バーベキューコンロ,,は
集団資源回収,パイプハンガー（金属製）,,は
缶以外の金属,パイプハンガー（金属製）,,は
市では収集しません,廃油（灯油、エンジンオイルなど）,購入先に相談するか専門の処理業者へ（P.21参照）,は
集団資源回収,バインダー（紙製）,,は
その他の紙,バインダー（紙製）,紙以外の部分は外す。プラスチック製は不燃ごみ,は
集団資源回収,はがき,,は
その他の紙,はがき,,は
燃せるごみ,はくせい,,は
不燃ごみ,バケツ（プラスチック製）,金属製は集団資源回収「缶以外の金属」,は
集団資源回収,ハサミ（金属製）,,は
缶以外の金属,ハサミ（金属製）,,は
燃せるごみ,はし（木製）,プラスチック製は不燃ごみ,は
市では収集しません,パソコン,メーカーなどのリサイクルへ（P.19参照）,は
缶・びん・ペットボトル,バター・マーガリンの缶,使い切り中をすすぐ。,は
集団資源回収,バター・マーガリンの外箱（紙製）,,は
その他の紙,バター・マーガリンの外箱（紙製）,,は
容器包装プラスチック,バター・マーガリンの容器（プラスチック製）,使い切りフタを外し中をすすぐ。,は
燃せるごみ,バッグ（布・革製）,プラスチック製は不燃ごみ,は
市では収集しません,バッテリー（自動車やオートバイ用等）,購入先に相談するか専門の処理業者へ（P.21 参照）。デジタルカメラや携帯電話等のものは使用済み乾電池（P.16 参照）,は
粗大ごみ（有料）,発電機,,は
粗大ごみ（有料） ,バット（野球用木製）,金属製は集団資源回収「缶以外の金属」,は
容器包装プラスチック,発泡スチロール（家電製品などの緩衝材）,食品トレイはスーパーなどの店頭回収へも,は
粗大ごみ（有料）,バドミントンラケット,,は
燃せるごみ,花（生花）,,は
燃せるごみ,花火,発火しないように水でよく湿らせる。,は
容器包装プラスチック,花火の外袋,,は
不燃ごみ,歯ブラシ,,は
容器包装プラスチック,歯ブラシの包装パック,,は
容器包装プラスチック,歯ブラシの包装パックの台紙（プラスチック製）,,は
容器包装プラスチック,歯みがき粉のチューブ（プラスチック製）,使い切りフタを外し中をすすぐ。金属製は不燃ごみ,は
集団資源回収,刃物,新聞紙などに包み「危険・刃物」と書く。,は
缶以外の金属,刃物,新聞紙などに包み「危険・刃物」と書く。,は
粗大ごみ（有料）,パラソル（レジャー用）,,は
不燃ごみ,バラン（緑色のプラスチックフィルム）,,は
集団資源回収,はり（針）※注射針は除く,,は
缶以外の金属,はり（針）※注射針は除く,,は
粗大ごみ（有料）,ハロゲンヒーター,,は
不燃ごみ,ハンガー（プラスチック製）,金属製は集団資源回収「缶以外の金属」。木製は燃せるごみ,は
集団資源回収,ハンカチ,,は
古着・古布類,ハンカチ,,は
燃せるごみ,半紙（墨のついたもの）,,は
燃せるごみ,ばんそうこう,,は
燃せるごみ,はんてん（半纏）,,は
粗大ごみ（有料）,パン焼器（電気式）,,は
販売店・電器店へ,PHS,個人情報を消去する。使用済み小型家電（P.13 参照）として出すことができます。,ひ
不燃ごみ,PPバンド（梱包用バンド）,,ひ
市では収集しません,ピアノ,購入先に相談するか専門の処理業者へ（P.21 参照）,ひ
不燃ごみ,ピーラー（皮むき器）,,ひ
酒販店へ,ビールケース,返せない場合は不燃ごみ,ひ
酒販店へ,ビールびん,返せない場合は缶・びん・ペットボトル,ひ
缶・びん・ペットボトル,ビールびんのフタ,,ひ
粗大ごみ（有料）,ひげそり（電気式）,使用済み小型家電（P.13 参照）として出すことができます。,ひ
不燃ごみ,ひげそり（プラスチック製）,金属製は集団資源回収「缶以外の金属」,ひ
粗大ごみ（有料）,ビデオカメラ,個人情報を消去する。使用済み小型家電（P.13 参照）として出すことができます。,ひ
不燃ごみ,ビデオテープ（ケースを含む）,,ひ
粗大ごみ（有料）,ビデオデッキ,,ひ
不燃ごみ,ビニールテープ,,ひ
不燃ごみ,ビニール手袋,,ひ
不燃ごみ,火鉢50cm,以上のものは購入先に相談するか専門の処理業者へ（P.21 参照）,ひ
燃せるごみ,ひも（麻・布・紙製など）,プラスチック製は不燃ごみ,ひ
集団資源回収,百科事典,,ひ
雑誌類,百科事典,,ひ
不燃ごみ,ヒューズ,,ひ
缶・びん・ペットボトル,びん,フタを外し中をすすぐ。乳白色のびんは不燃ごみ。割れたびんは新聞紙などに包み「危険・びん」と書き不燃ごみ,ひ
集団資源回収,ファイル（紙製）,紙以外の部分は外す。プラスチック製は不燃ごみ,ふ
その他の紙,ファイル（紙製）,紙以外の部分は外す。プラスチック製は不燃ごみ,ふ
粗大ごみ（有料）,ファクシミリ,,ふ
集団資源回収,ファンヒーター（石油・ガス）,石油は取り除く。プラスチック製は粗大ごみ,ふ
缶以外の金属,ファンヒーター（石油・ガス）,石油は取り除く。プラスチック製は粗大ごみ,ふ
粗大ごみ（有料）,ファンヒーター（電気式）,,ふ
不燃ごみ,フィルム（ネガ）,,ふ
集団資源回収,フィルムの外箱,,ふ
その他の紙,フィルムの外箱,,ふ
容器包装プラスチック,フィルムの筒型ケース,容器包装プラスチック,ふ
不燃ごみ,フィルムのネガを入れた袋,,ふ
不燃ごみ,風船,,ふ
集団資源回収,封筒,封筒の窓わくのセロハンは外し燃せるごみ,ふ
その他の紙,封筒,封筒の窓わくのセロハンは外し燃せるごみ,ふ
不燃ごみ,プール（ビニール製）,,ふ
集団資源回収,フェルト,,ふ
古着・古布類,フェルト,,ふ
集団資源回収,フェンス（金属製）,2m以内にする。木製は粗大ごみ（有料）,ふ
缶以外の金属,フェンス（金属製）,2m以内にする。木製は粗大ごみ（有料）,ふ
集団資源回収,フォーク（金属製）,プラスチック製は不燃ごみ,ふ
缶以外の金属,フォーク（金属製）,プラスチック製は不燃ごみ,ふ
燃せるごみ,ふきん,,ふ
燃せるごみ,不織布,,ふ
粗大ごみ（有料）,ふすま,,ふ
缶・びん・ペットボトル,フタ（金属製）,,ふ
容器包装プラスチック,フタ（プラスチック製）,,ふ
集団資源回収,ブックエンド（金属製）,プラスチック製は不燃ごみ,ふ
缶以外の金属,ブックエンド（金属製）,プラスチック製は不燃ごみ,ふ
不燃ごみ,ブックカバー（プラスチック製）,紙製は集団資源回収「その他の紙」。布・革製は燃せるごみ,ふ
粗大ごみ（有料）,仏壇,,ふ
粗大ごみ（有料）,ふとん,,ふ
集団資源回収,ふとんカバー,,ふ
古着・古布類,ふとんカバー,,ふ
粗大ごみ（有料）,ふとん乾燥機,,ふ
集団資源回収,ふとん袋（布製）,プラスチック製は不燃ごみ,ふ
古着・古布類,ふとん袋（布製）,プラスチック製は不燃ごみ,ふ
集団資源回収,フライパン,,ふ
缶以外の金属,フライパン,,ふ
粗大ごみ（有料）,ブラインド,,ふ
不燃ごみ,ブラシ・くし（プラスチック製）,木製は燃せるごみ,ふ
容器包装プラスチック,プラスチックボトル（ソース、食用油など）,使い切りフタを外し中をすすぐ。,ふ
販売店・電器店へ,プラズマテレビ,家電リサイクル法対象品（P.18 参照）,ふ
不燃ごみ,プラモデル,,ふ
集団資源回収,プラモデルの箱（紙製）,,ふ
その他の紙,プラモデルの箱（紙製）,,ふ
不燃ごみ,プランター（プラスチック製）,おおむね50cmを超えるものは粗大ごみ（有料）,ふ
容器包装プラスチック,プリン（数個組）の外包装フィルム,,ふ
容器包装プラスチック,プリンのカップ,中をすすぐ。,ふ
容器包装プラスチック,プリンのフタ（プラスチック製）,アルミ製は不燃ごみ,ふ
粗大ごみ（有料）,プリンター,,ふ
回収ボックスへ,プリンターのインクカートリッジ,使用済みインクカートリッジ（P.13 参照）,ふ
容器包装プラスチック,プリンターのインクカートリッジの個袋,,ふ
集団資源回収,プリンターのインクカートリッジの外箱,,ふ
その他の紙,プリンターのインクカートリッジの外箱,,ふ
不燃ごみ,ブルーシート,,ふ
不燃ごみ,フロアマット（自動車用）,,ふ
粗大ごみ（有料）,風呂釜,,ふ
市では収集しません,ブロック（コンクリートなど）,購入先に相談するか専門の処理業者へ（P.21参照）。おもちゃは不燃ごみ,ふ
不燃ごみ,フロッピーディスク（ケースを含む）,,ふ
粗大ごみ（有料）,ふろのフタ,,ふ
不燃ごみ,ふろマット（プラスチック製）,木製は粗大ごみ（有料）,ふ
集団資源回収,文庫本,,ふ
雑誌類,文庫本,,ふ
粗大ごみ（有料）,噴霧器,,ふ
容器包装プラスチック,ヘアスプレーの外包装フィルム,,へ
缶・びん・ペットボトル,ヘアスプレーの缶 使い切る。,,へ
容器包装プラスチック,ヘアスプレーのフタ（プラスチック製）,,へ
粗大ごみ（有料）,ベッド,,へ
粗大ごみ（有料）,ペット小屋（木・プラスチック製）,金属製は解体し集団資源回収「缶以外の金属」,へ
燃せるごみ,ペットのトイレ用砂,,へ
燃せるごみ,ペットのふん,トイレに流す・庭に埋める・紙に包んで燃せるごみ,へ
燃せるごみ,ペットフード,,へ
缶・びん・ペットボトル,ペットボトル（飲料、酒、みりん、しょうゆ等）,フタを外し中をすすぐ。,へ
容器包装プラスチック,ペットボトルのフタ（プラスチック製）,金属製は缶・びん・ペットボトル,へ
粗大ごみ（有料）,ヘッドホン,使用済み小型家電（P.13 参照）として出すことができます。,へ
粗大ごみ（有料）,ベビーカー,,へ
粗大ごみ（有料）,ベビーバス,,へ
粗大ごみ（有料）,ベビーベッド,,へ
不燃ごみ,ヘルスメーター,,へ
燃せるごみ,ベルト（革製）,金属のバックルは外し集団資源回収「缶以外の金属」。プラスチック製は不燃ごみ,へ
集団資源回収,ベルトのバックル（金属製）,,へ
缶以外の金属,ベルトのバックル（金属製）,,へ
粗大ごみ（有料）,ヘルメット（バイク用）,スポーツ用は不燃ごみ,へ
不燃ごみ,ペンキの空き缶,中身が残っている場合は専門の処理業者へ（P.21参照）,へ
不燃ごみ,ペンキのスプレー式の缶,使い切る。,へ
市では収集しません,便器（陶製）,購入先に相談するか専門の処理業者へ（P.21 参照）,へ
不燃ごみ,便座,暖房・洗浄器付は粗大ごみ（有料）,へ
不燃ごみ,弁当箱（プラスチック製）,アルミ製は集団資源回収「缶以外の金属」,へ
容器包装プラスチック,弁当容器・外包装フィルム（コンビニなどの）,中をすすぐ。,へ
燃せるごみ,ボアシーツ,,ほ
燃せるごみ,ボア毛布,,ほ
集団資源回収,ホイールキャップ（金属製）,,ほ
缶以外の金属,ホイールキャップ（金属製）,,ほ
市では収集しません,ホイールキャップ（プラスチック製）,購入先に相談するか専門の処理業者へ（P.21参照）。金属製は集団資源回収「缶以外の金属」,ほ
缶・びん・ペットボトル,芳香剤の缶・びん,中身は燃せるごみ,ほ
容器包装プラスチック,芳香剤の容器（プラスチック製）,中身は燃せるごみ,ほ
集団資源回収,帽子（布・毛糸製）,麦わら帽子は燃せるごみ。プラスチック製は不燃ごみ,ほ
古着・古布類,帽子（布・毛糸製）,麦わら帽子は燃せるごみ。プラスチック製は不燃ごみ,ほ
集団資源回収,包装紙,,ほ
その他の紙,包装紙,,ほ
燃せるごみ,防虫剤の容器（紙製）,プラスチック製は容器包装プラスチック,ほ
集団資源回収,包丁（金属製）,新聞紙などに包み「危険・刃物」と書く。セラミック製は不燃ごみ。,ほ
缶以外の金属,包丁（金属製）,新聞紙などに包み「危険・刃物」と書く。セラミック製は不燃ごみ。,ほ
不燃ごみ,ホース,,ほ
集団資源回収,ホースリール（金属製）,プラスチック製は不燃ごみ,ほ
缶以外の金属,ホースリール（金属製）,プラスチック製は不燃ごみ,ほ
粗大ごみ（有料）,ポータブルカーナビゲーション,個人情報を消去する。使用済み小型家電（P.13 参照）として出すことができます,ほ
粗大ごみ（有料）,ポータブルCD・MDプレーヤー,使用済み小型家電（P.13 参照）として出すことができます。,ほ
粗大ごみ（有料）,ポータブルDVDプレーヤー,使用済み小型家電（P.13 参照）として出すことができます。,ほ
不燃ごみ,ボール（野球・テニス・ゴルフ・サッカーなど）,ボウリングボールは粗大ごみ（有料）,ほ
集団資源回収,ボール紙（厚紙）,,ほ
その他の紙,ボール紙（厚紙）,,ほ
不燃ごみ,ボールペン,,ほ
容器包装プラスチック,ポケットティッシュの袋（プラスチック製）,紙製は燃せるごみ,ほ
粗大ごみ（有料）,補助記憶装置（ハードディスク（外付式））,個人情報を消去する。内蔵式は不燃ごみ。使用済み小型家電（P.13 参照）として出すことができます。,ほ
不燃ごみ,補助記憶装置（USBメモリ）,個人情報を消去する。使用済み小型家電（P.13 参照）として出すことができます。,ほ
販売店・電器店へ,ボタン電池,使用済み乾電池（P.16 参照）,ほ
不燃ごみ,ホチキス,,ほ
集団資源回収,ホチキスの針,,ほ
缶以外の金属,ホチキスの針,,ほ
不燃ごみ,ほ乳びん,,ほ
不燃ごみ,ポット（魔法瓶）,電気式は粗大ごみ（有料）,ほ
粗大ごみ（有料）,ホットカーペット,,ほ
粗大ごみ（有料）,ホットプレート,,ほ
燃せるごみ,ポテトチップスなどの紙筒,,ほ
容器包装プラスチック,ポテトチップスなどの紙筒のフタ（プラスチック製）,,ほ
容器包装プラスチック,ポテトチップスの袋（プラスチック製）,,ほ
粗大ごみ（有料）,ポリタンク（18リットル以上のもの）,18リットル未満のものは不燃ごみ,ほ
不燃ごみ,保冷剤,,ほ
集団資源回収,本（書籍）,,ほ
雑誌類,本（書籍）,,ほ
粗大ごみ（有料）,本棚,,ほ
粗大ごみ（有料）,本箱,,ほ
マーガリンの容器（プラスチック製）,容器包装プラスチック,使い切りフタを外し中をすすぐ。,ま
粗大ごみ（有料）,マウス（パソコン用）,,ま
燃せるごみ,まくら（中身が羽毛、そばがら、わた）,中身がプラスチック製は不燃ごみ,ま
不燃ごみ,マザーボード（パソコン部品）,,ま
燃せるごみ,マスク,,ま
粗大ごみ（有料）,マッサージ機,,ま
燃せるごみ,マッチ,発火しないように水でよく湿らせる。,ま
粗大ごみ（有料）,マットレス,スプリング入りはなるべく販売店の下取りへ,ま
集団資源回収,窓付き封筒,封筒の窓わくのセロハンは外し燃せるごみ,ま
その他の紙,窓付き封筒,封筒の窓わくのセロハンは外し燃せるごみ,ま
不燃ごみ,まな板（プラスチック製）,木製は燃せるごみ,ま
不燃ごみ,マニキュアのびん,,ま
不燃ごみ,魔法瓶,電気式は粗大ごみ（有料）,ま
容器包装プラスチック,マヨネーズのチューブ,使い切りフタを外し中をすすぐ。,ま
容器包装プラスチック,マヨネーズのフタ（プラスチック製）,,ま
不燃ごみ,万年筆,,ま
集団資源回収,マンガ本,,ま
雑誌類,マンガ本,,ま
容器包装プラスチック,みかんを入れた網・ネット・袋（プラスチック製）,,み
粗大ごみ（有料）,ミシン,,み
集団資源回収,水着,,み
古着・古布類,水着,,み
粗大ごみ（有料）,ミニコンポ,,み
不燃ごみ,耳かき（プラスチック製）,木製は燃せるごみ。金属製は集団資源回収「缶以外の金属」,み
不燃ごみ,虫かご（プラスチック製）,竹・木製は燃せるごみ,む
集団資源回収,虫ピン,,む
缶以外の金属,虫ピン,,む
容器包装プラスチック,虫ピンのケース（プラスチック製）,,む
不燃ごみ,虫めがね,,む
集団資源回収,名刺,,め
その他の紙,名刺,,め
容器包装プラスチック,名刺ケース（プラスチック製）,購入時にはいっていたもの,め
不燃ごみ,メガネ（ケースを含む）,,め
容器包装プラスチック,目薬の携帯ケース,,め
容器包装プラスチック,目薬の容器,ガラス製は缶・びん・ペットボトル,め
市では収集しません,メス（医療用具）,かかりつけの医療機関に引き取ってもらう。,め
燃せるごみ,綿棒,,め
容器包装プラスチック,綿棒の容器（プラスチック製）,,め
集団資源回収,毛布,ボア毛布、ペットに使用したものは燃せるごみ,も
古着・古布類,毛布,ボア毛布、ペットに使用したものは燃せるごみ,も
燃せるごみ,木炭の燃えかす,,も
粗大ごみ（有料）,もちつき器,,も
粗大ごみ（有料）,モデム,,も
集団資源回収,物置（金属製）,解体する。,も
缶以外の金属,物置（金属製）,解体する。,も
不燃ごみ,ものさし（プラスチック製）,木製は燃せるごみ。金属製は集団資源回収「缶以外の金属」,も
集団資源回収,物干しざお（金属製）,缶以外の金属2m以内にする。,も
粗大ごみ（有料）,物干し台,,も
粗大ごみ（有料）,物干し台の台座（コンクリート製）,,も
不燃ごみ,物干しハンガー（プラスチック製）,,も
市では収集しません,モルタル,購入先に相談するか専門の処理業者へ（P.21参照）,も
集団資源回収,やかん,,や
缶以外の金属,やかん,,や
集団資源回収,焼き網（魚、餅など）,,や
缶以外の金属,焼き網（魚、餅など）,,や
容器包装プラスチック,野菜などの外袋・ネット,,や
不燃ごみ,野菜の結束テープ,,や
不燃ごみ,USBメモリ,個人情報を消去する。使用済み小型家電（P.13 参照）として出すことができます。,や
粗大ごみ（有料）,遊具類（すべり台・ブランコなど）,,ゆ
不燃ごみ,ゆたんぽ（プラスチック製など）,金属製は集団資源回収「缶以外の金属」,ゆ
集団資源回収,湯沸かし器,,ゆ
缶以外の金属,湯沸かし器,,ゆ
容器包装プラスチック,ヨーグルト（数個組）の外包装フィルム,,よ
容器包装プラスチック,ヨーグルトのカップ（プラスチック製）,中をすすぐ。紙製は燃せるごみ,よ
容器包装プラスチック,ヨーグルトのフタ（プラスチック製）,アルミ製は不燃ごみ,よ
粗大ごみ（有料）,浴槽,,よ
粗大ごみ（有料）,よしず,,よ
粗大ごみ（有料）,ライスハイザー（米びつ）,,ら
不燃ごみ,ライター,使い切り、他の不燃ごみと別の透明袋で出す。,ら
不燃ごみ,ライフジャケット,,ら
不燃ごみ,ラジオ（電池式）,電池は外して使用済み乾電池（P.16 参照）,ら
粗大ごみ（有料）,ラジカセ,,ら
容器包装プラスチック,ラップ,外せない値札やシールなどはつけたまま,ら
集団資源回収,ラップケースの刃（金属製）,,ら
缶以外の金属,ラップケースの刃（金属製）,,ら
燃せるごみ,ラップの芯,,ら
集団資源回収,ラップの外箱（紙刃を含む）,,ら
その他の紙,ラップの外箱（紙刃を含む）,,ら
粗大ごみ（有料）,ラベルライター,,ら
燃せるごみ,ランドセル（皮革製）,,ら
不燃ごみ,ランドセル（合成皮革製）,,ら
不燃ごみ,リール（釣り具）,,り
容器包装プラスチック,リップクリームの容器,使い切る。,り
不燃ごみ,リモコン,電池は外して使用済み乾電池（P.16 参照）。使用済み小型家電（P.13 参照）として出すことができます。,り
粗大ごみ（有料）,リヤカー,,り
不燃ごみ,リュックサック（プラスチック製）,布・革製は燃せるごみ,り
粗大ごみ（有料）,理容用機器（ドライヤー、電気かみそり、電動歯ブラシ）,電池式は不燃ごみ。電池は外して使用済み乾電池（P.16 参照）。使用済み小型家電（P.13 参照）として出すことができます。,そ
容器包装プラスチック,りんごなどを包んだ発泡スチロール製ネット,,り
粗大ごみ（有料）,ルーフキャリア,金属製は集団資源回収「缶以外の金属」,る
不燃ごみ,ルーペ,,る
粗大ごみ（有料）,冷水機（フロンガス使用以外の製品）,フロンガスを使用した製品は、専門の処理業者へ（P.21 参照）,れ
販売店・電器店へ,冷蔵庫,家電リサイクル法対象品（P.18 参照）,れ
販売店・電器店へ,冷凍庫,家電リサイクル法対象品（P.18 参照）,れ
粗大ごみ（有料）,冷風機（フロンガス使用以外の製品）,フロンガスを使用した製品は、専門の処理業者へ（P.21 参照）,れ
不燃ごみ,レインコート,,れ
不燃ごみ,レーザーディスク（盤）,,れ
集団資源回収,レーザーディスクのジャケット,,れ
その他の紙,レーザーディスクのジャケット,,れ
不燃ごみ,レコード盤,,れ
集団資源回収,レコード盤のジャケット,,れ
その他の紙,レコード盤のジャケット,,れ
集団資源回収,レシート（感熱紙以外）,名刺大以下は燃せるごみ。感熱紙は燃せるごみ,れ
その他の紙,レシート（感熱紙以外）,名刺大以下は燃せるごみ。感熱紙は燃せるごみ,れ
容器包装プラスチック,レジ袋,無色透明・白色半透明のものは燃せるごみの袋として利用可能,れ
不燃ごみ,レジャーシート,,れ
容器包装プラスチック,レトルトパック,中をすすぐ。,れ
集団資源回収,レトルトパックの外箱,,れ
その他の紙,レトルトパックの外箱,,れ
市では収集しません,レンガ,購入先に相談するか専門の処理業者へ（P.21 参照）,れ
粗大ごみ（有料）,レンジフードファン,,れ
燃せるごみ,ろうそく,,ろ
不燃ごみ,ロープ（プラスチック製）,麻製等は燃せるごみ,ろ
不燃ごみ,ローラースケート,,ろ
粗大ごみ（有料）,ロッカー,金属製は集団資源回収「缶以外の金属」,ろ
粗大ごみ（有料）,ワープロ（ワードプロセッサー）,なるべく販売店の下取りへ,わ
集団資源回収,ワイシャツ,,わ
古着・古布類,ワイシャツ,,わ
容器包装プラスチック,ワイシャツの外袋,,わ
不燃ごみ,輪ゴム,,わ
集団資源回収,輪ゴムの外箱,,わ
その他の紙,輪ゴムの外箱,,わ
粗大ごみ（有料）,ワゴン（手押し）,,わ
燃せるごみ,わた,,わ
燃せるごみ,わた入り衣類（ジャンパー、はんてんなど）,,わ
集団資源回収,和服,,わ
古着・古布類,和服,,わ
燃せるごみ,わら製品,,わ
集団資源回収,わらばん紙,,わ
その他の紙,わらばん紙,,わ
燃せるごみ,割り箸（はし）,,わ
集団資源回収,割り箸（はし）の個袋（紙製）,,わ
その他の紙,割り箸（はし）の個袋（紙製）,,わ
容器包装プラスチック,割り箸（はし）の外袋（プラスチック製）,,わ
不燃ごみ,割れたびん,新聞紙などに包み「危険・びん」と書く。,わ
